id,titre,description,categorie,email
66525a89d4105,zoihfzaoi,"Plateforme de partage de conseils et d'astuces pour la 
vie quotidienne 
1. Introduction 
Le projet consiste à développer une plateforme en ligne où les utilisateurs peuvent 
partager, rechercher et consulter des conseils pratiques et des astuces pour simplifier 
leur vie quotidienne dans divers domaines. Cette plateforme servira de ressource utile 
pour aider les utilisateurs à découvrir de nouvelles façons de résoudre des problèmes et 
d'améliorer leur quotidien. 
2. Objectifs 
• Créer une plateforme conviviale permettant aux utilisateurs de naviguer 
facilement à travers les conseils et les astuces. 
• Offrir la possibilité aux utilisateurs de soumettre leurs propres conseils et 
astuces via un formulaire interactif. 
• Mettre en place un système de notation et de commentaires pour évaluer la 
qualité des conseils. 
• Encourager l'interaction et l'engagement des utilisateurs en permettant la 
discussion et le partage d'expériences autour des conseils et des astuces. 
3. Fonctionnalités principales 
3.1 Page d'accueil 
• Afficher une sélection de conseils et d'astuces les plus populaires ou les plus 
récents dans différentes catégories. 
• Barre de recherche permettant aux utilisateurs de rechercher des conseils par 
mot-clé, catégorie, etc. 
3.2 Page de conseils 
• Présenter une liste de conseils et d'astuces disponibles avec des titres, des 
résumés et des informations sur les auteurs. 
• Pagination pour faciliter la navigation entre les différentes pages de conseils. 
3.3 Pages individuelles de conseils 
Afficher en détail un conseil spécifique avec des instructions détaillées, des images, 
des vidéos et des commentaires des utilisateurs. 
3.4 Page de soumission de conseil 
• Permettre aux utilisateurs de soumettre leurs propres conseils via un formulaire 
interactif. 
• Les champs incluent le titre, la catégorie, les instructions, les images, les vidéos, 
etc. 
3.5 Page de profil utilisateur  
• Permettre aux utilisateurs de créer un profil avec des informations personnelles 
et des statistiques sur leurs contributions. 
• Possibilité pour les utilisateurs de modifier leur profil et de gérer leurs conseils 
soumis. 
3.6 Système de notation et de commentaires (optionnel) 
• Offrir aux utilisateurs la possibilité de noter et de laisser des commentaires sur 
les conseils. 
• Afficher la note moyenne de chaque conseil basée sur les votes des utilisateurs. 
4. Technologies utilisées 
• HTML, CSS pour le front-end. 
• PHP pour le back-end. 
• Utilisation de fichiers CSV ou une autre source de données comme stockage 
pour les conseils, les commentaires, etc. 
5. Interface utilisateur 
Conception d'une interface utilisateur conviviale et intuitive pour faciliter la navigation 
et la consultation des conseils et astuces. 
6. Livrables 
Site web fonctionnel et entièrement opérationnel. 
Documentation détaillée du code source et des fonctionnalités.",apç_zduha,armand.peuchaud@gmail.com
66525d8f9b72a,efzhbf,iduozabh,aiudbza,armand.peuchaud@gmail.com
665277b1583f6,"le teste final","oN VERRA","j'espere ca marche",armand.peuchaud@gmail.com
66527844c481b,SDQGQSDGS,QDVAQ,SDVZSE,armand.peuchaud@gmail.com
